{"cameraMode":{"drawMode":0,"name":"Shaded","section":"Shading Mode"},"sceneLighting":false,"audioPlay":false,"sceneViewState":{"m_AlwaysRefresh":false,"showFog":true,"showSkybox":false,"showFlares":true,"showImageEffects":true,"showParticleSystems":true,"showVisualEffectGraphs":true,"m_FxEnabled":true},"in2DMode":false,"pivot":{"x":0.7087838649749756,"y":0.02758169174194336,"z":0.3143836259841919},"rotation":{"x":0.14860570430755616,"y":-0.6085195541381836,"z":0.11734570562839508,"w":0.7706192135810852},"size":2.646026611328125,"orthographic":true}